,ghg_05,ghg_50,ghg_95,aerosol_05,aerosol_50,aerosol_95,other_05,other_50,other_95,natural_05,natural_50,natural_95,all_05,all_50,all_95
1750,0.0,0.0,0.0,0.0,0.0,0.0,0.0,0.0,0.0,0.0,0.0,0.0,0.0,0.0,0.0
1751,2.2610193279350155e-06,4.346766434334959e-06,6.729159005194885e-06,-9.568325010089751e-08,-4.8342235464682304e-08,-1.0537778052932545e-08,-7.613376345134287e-05,5.825232593320573e-05,0.00020471549883827045,0.02545280269690762,0.04483446532065281,0.06593834820180008,0.025468637110396226,0.044905832475671995,0.06609987913772139
1752,9.838360356700937e-06,1.5658828091555388e-05,2.176280599956726e-05,7.240029506938583e-05,0.0008057964187397904,0.0038545944275230337,-0.0005326575293916475,-0.0001870341408663212,0.00010202095507980125,0.04910902163344125,0.07023009898932907,0.09594410042871515,0.049881276005967874,0.0712199509268536,0.0978380679639036
1753,2.4791704716892182e-05,3.594596878703227e-05,4.802478762844231e-05,0.00017607696699382946,0.0016577652303613744,0.0079468552471339,-0.0009590558060797727,-0.0004465902566899438,-3.3766681563907053e-06,0.05762462628005475,0.08173936780091277,0.11107696318938805,0.058888336488670485,0.0833785329755144,0.11411902898333082
1754,5.211811255433074e-05,7.184986833864981e-05,9.431549102972836e-05,0.00017822186908891813,0.0018737817182382308,0.008952844588799094,-0.0012524773128485545,-0.0006245749142877732,-0.00010413457080274413,0.05842349286153846,0.08426571154205162,0.1161303036184413,0.059581840854615764,0.08644277640163169,0.1206954843502179
1755,9.925243676285611e-05,0.00013315272617667878,0.0001714005887814979,-8.55100653312374e-06,0.0008438578644323486,0.004311755798365624,-0.0012532991344122585,-0.0005712474591945821,-5.2109957923658634e-05,0.009605001118891891,0.03584576640193837,0.06585398581480426,0.00952215780876909,0.036531994518797475,0.06810798455210033
1756,0.00016251212070315588,0.00021176357237479015,0.0002722708139443822,4.949744707178662e-05,0.0006933379790746673,0.004054280974088824,-0.001091616816392818,-0.00039504992105448763,0.0001606951886798328,0.0028260147821486874,0.017718097920018425,0.03797969030864473,0.003383624561664623,0.01840891896843025,0.04042554390884334
1757,0.00023574003871607713,0.00030326826446082367,0.0003868529919167432,7.531294573591418e-05,0.001268919322161298,0.0060071401133170235,-0.0011415478715187805,-0.0004009667248568681,0.00016625597058197647,0.016581872074507772,0.029142951801950683,0.0466132087965582,0.017204168380843033,0.03087698597145556,0.04985026899789327
1758,0.00032959688122973646,0.0004225401982782401,0.0005408363425127155,-0.0017259925473333201,-7.272254414442125e-05,0.0012096421645352712,-0.0006861900493167969,-9.313514169290854e-06,0.0005774151468009581,0.029706260329385694,0.04643828795026751,0.06739500609721857,0.029999341927987994,0.04685213749657765,0.06759300637039373
1759,0.00043968221984648503,0.0005583455842986529,0.0007110386102137378,-0.002280769284096984,-0.00023352485270303897,0.00019033885894438607,-0.0005603304473745796,7.539521933165594e-05,0.0006492039618552631,0.04523621062163055,0.06592687539579382,0.09117725097407571,0.0456964189604368,0.06591475021652715,0.09078670162053847
1760,0.0005648407755595997,0.0007131709625253918,0.0009088819689212491,-0.002626380242300802,-0.0005537050754147593,-2.9424229506122557e-05,-0.0006943906490342322,-1.5880268613113757e-05,0.0005778595559749744,0.0602260767215693,0.08508863821222142,0.11656529983486591,0.0602561733365083,0.08476520029092247,0.11505772131959903
1761,0.0007033582836897673,0.0008896455596729136,0.001139028142174453,-0.006219117409133584,-0.0016337958846705386,-0.00017307353784469515,-0.0007912601412598808,-5.396269693738742e-05,0.0005536884937958342,0.0714662307015408,0.10057131143117387,0.1358106440805903,0.07025141155921658,0.09920710888535555,0.13353138144567955
1762,0.0008602563467751123,0.0010846848786623953,0.0013904755196655905,-0.007578421091991416,-0.0020112588630048223,-0.00018673932367327395,-0.0008386046488535193,-6.383668302675782e-05,0.0005685255636490444,0.07733983510823694,0.10977957693650636,0.14938907077676505,0.07663148344330972,0.10774310476241729,0.14688703349611515
1763,0.0010140905227629463,0.00129123409176779,0.0016606047394121248,-0.005512237385146529,-0.0014191118213107562,-0.00016642232428853987,-0.0011798596896073071,-0.0003469726202353779,0.00028536827709246815,-0.09468607663366725,-0.03429969335103618,0.02792768302299475,-0.09470040513301062,-0.035117070459120034,0.025696764142777648
1764,0.0011797291935279272,0.0015079883861744414,0.0019473545858329916,-0.004621879821141872,-0.0011584319174414714,-0.0001643915152626657,-0.0008670722961380689,-2.7857114463070154e-05,0.0006642201784217289,-0.1297846336864142,-0.0827854553087931,-0.04016576067933017,-0.13010606803718427,-0.0828874229440225,-0.04037768340968925
1765,0.0013424588584295197,0.0017272622725518563,0.0022213611644624418,-0.000699553130364107,0.00022116611455591517,0.0040034497375087815,-0.0006333277290314215,0.00012190461895515009,0.000841895504021261,-0.08361137338502807,-0.046039028361080946,-0.016649875543898678,-0.08107874585277919,-0.043820859519650965,-0.014232809418593013
1766,0.0015273658265208892,0.001963360591601092,0.0025387643970858804,-0.0023655054912584163,-0.00042870460573878055,4.119382916785777e-05,-0.00042610057167133397,0.000345451049613546,0.0011109115235083261,-0.03361953319295733,-0.005576245870718018,0.017680621336549913,-0.0323141416521242,-0.003838372124850671,0.01921281965298037
1767,0.001720719284747596,0.002219408128211647,0.002870654517570166,-0.002391400298361067,-0.0001869406261572025,0.00032741386778675427,-0.00041126859214471977,0.0003469086926177929,0.001077761268474628,0.0007902901162216826,0.02040502818816701,0.0425926546759871,0.0022588594228167124,0.02245554126972718,0.0442336250511718
1768,0.001921994348914574,0.0024873087771712064,0.003220087069705224,-0.002589429492006183,-8.481281802521362e-05,0.0007604252071152645,-0.00045897392234887577,0.00027827729366614387,0.0010139049351774645,-0.05209989470002216,-0.03128525131382398,-0.012032819744390626,-0.049897877506947345,-0.028682282683601602,-0.009954004573107477
1769,0.00215044107747173,0.00278781898949014,0.003622917431319903,-0.010308128993671867,-0.0026528429498927364,-0.00023063962464077437,3.790275034546223e-05,0.0008313443950267035,0.0017806262441371935,-0.05150003263337477,-0.033666134648826895,-0.019589170343312274,-0.05307418394146986,-0.0333699988401544,-0.019792112885762075
1770,0.002387284277412931,0.003100546933842617,0.00405192517296114,-0.010878779187300965,-0.002977756025074281,-0.0002905148261069645,7.685651415379607e-05,0.0009204359217335929,0.00182550196608533,-0.012725942689129575,0.006390709953311889,0.027607163501384147,-0.014038626443694042,0.007195557955325834,0.0272348996805444
1771,0.0026391743907797152,0.003428653888856735,0.004450370416340957,-0.011158573964636945,-0.003037303558678206,-0.0003431875242742993,-9.188009483102055e-07,0.0008202587789742644,0.0017480775681994395,0.024535731934454023,0.047217120229650855,0.07575009422835748,0.024066227892736172,0.04776937051473071,0.07532164657643428
1772,0.0028895763798555893,0.00376328724205216,0.004877129052477364,-0.0064441021810502375,-0.001606255745293772,-0.00010397307002288358,-0.0003917014027427085,0.0004067352515198658,0.0012825394370922089,0.04849549937517614,0.07294364849824134,0.10365706269701247,0.050755049105465785,0.07523366246214516,0.1059483274172973
1773,0.00314782205152965,0.004111331466198576,0.005322869693778959,-0.0033573693240112057,-0.0001021585920591428,0.0016086860380425672,-0.0008301230597348441,3.7378907571244957e-06,0.0008814730052690845,0.06169468419439845,0.08796848008561996,0.12200422080071806,0.06518486233876156,0.09147354482650594,0.126906990537682
1774,0.0034236168256542576,0.004465695928606739,0.005798218501051389,-0.00214256929335975,0.00016320784494242013,0.0036016539618773102,-0.001216839182018259,-0.000292633801988601,0.0005816711797098639,0.06502408420594703,0.09391377619386086,0.12969041705617235,0.06902691558918822,0.09829289369089102,0.13503916321563322
1775,0.0037332191405380355,0.004858749880082572,0.0062974375554415984,-0.006626168480654088,-0.001427657226730522,-5.997925800513282e-05,-0.0011160608730890476,-0.00012429576070099868,0.0007339151706740044,0.06514509704649929,0.0937927960024356,0.13033647828412945,0.06741974425070069,0.09630122587555189,0.13142316917271055
1776,0.0040599516917003975,0.005271683941477798,0.006827855318728343,-0.008034811464761565,-0.0018820020170380314,-3.0145588189867123e-06,-0.0010712021464072546,-3.0468578173639682e-05,0.0008621466561697655,0.0625443728086452,0.09081095101476688,0.1252116807228187,0.06444037435443002,0.09377135347945681,0.12727363644474105
1777,0.004393277440304835,0.0057112168256713974,0.007429920670617568,-0.0062775799682150135,-0.0011662071038368582,7.867248813141214e-05,-0.0012471429153173147,-0.00018983004776317036,0.0006719531548211588,0.059246665807885665,0.08678728571057441,0.12223813646508913,0.06222030304358905,0.09066527817933034,0.12554183757136583
1778,0.004753865885757096,0.006167316423423774,0.00804789771349286,-0.009452379314129289,-0.001925267522577559,8.343472987335648e-05,-0.0010672451278510298,2.5134948175492555e-05,0.0009746108611877052,0.058020747711337,0.0856818737827767,0.12283252829015853,0.06136788735276226,0.08960038390925011,0.1254998853818015
1779,0.0051312486550458,0.00665642418659497,0.008694558229249846,-0.014221748514325366,-0.003390959012780692,5.4339232296779505e-05,-0.0008103341980041645,0.00035953798653652613,0.0014561316133654828,0.06289689514777731,0.0924504817448359,0.13082450082754005,0.06567918646696079,0.09546114166939049,0.13175112151562807
1780,0.005523881016485474,0.007169643680312476,0.00937123846310152,-0.013599198774368632,-0.0032325212988375818,7.452599119381342e-05,-0.0009093927300933558,0.00028263760994504117,0.0013721359538278188,0.07547736568076603,0.10643274258177501,0.14648198169574927,0.07904271379830206,0.10972693610556872,0.14863647231621346
1781,0.0059453688421904904,0.007713037904394926,0.010083248437746412,-0.017862696016299584,-0.004523281781499022,-7.338184491571809e-05,-0.00097887382591072,0.0003209602885080043,0.0015086795739461256,0.08635729111138812,0.12099338627749431,0.16676521227936664,0.08861038291908725,0.12385056117429352,0.16583139814982958
1782,0.006378120356449399,0.008277223394577468,0.01082271436257462,-0.01878097518106142,-0.004759820067032461,-1.8430994569385017e-05,-0.0010491272632970339,0.00031178495935803296,0.0015276694662724744,0.09107262157031602,0.13053872746248266,0.1796435128595004,0.09466894247174719,0.1331918417155011,0.17989615800925837
1783,0.006806316439817411,0.00884333401017684,0.011545462874643725,-0.017571849196407474,-0.00436686132453859,-9.515414353011842e-06,-0.0013097724528937926,7.969971827195832e-05,0.0012540634804768525,0.09232386556113299,0.13377111861919017,0.1844458086831691,0.09669031261730565,0.13701436540684736,0.1860306562451119
1784,0.00724732569174541,0.009408412674652963,0.012280158553454879,-0.015438444627630943,-0.0038028096290040336,1.0060686776350303e-05,-0.0015323600486545075,-0.00012295445675220007,0.0010737360870740065,-0.29355544971556985,-0.16733764768094206,-0.041435986601995003,-0.2939771706730898,-0.1623394790130887,-0.037396815958185045
1785,0.007690851521780034,0.009981008225866228,0.013032984871598652,-0.012800808777133688,-0.0020387848929431795,0.000282693280601265,-0.0007717624946976809,0.0006570551515023559,0.002045614331929152,-0.38745826755228835,-0.2708253305351592,-0.16589561590628557,-0.37851538569934273,-0.2638726375007312,-0.15797056177935953
1786,0.00815395002140834,0.01057938441850026,0.01383411255209599,-0.014237038181599576,-0.0029551502833960186,0.00012825388548376448,5.0344558988085764e-05,0.0015088204613136202,0.0030654954689044722,-0.3002054361881836,-0.19389137954314564,-0.11141838498944548,-0.29439670021884606,-0.18553918936938377,-0.10272620621266894
1787,0.008615552641120815,0.011190632279262244,0.014687076997340676,-0.01376847891076137,-0.002628323962809931,0.0001858644818807792,0.0003646568066045103,0.001788678165497895,0.003373275439017276,-0.19177395934991753,-0.10589036297050061,-0.042293610762125,-0.18459031816814206,-0.09664964883701942,-0.03417799241953668
1788,0.00908426122490478,0.011827092093056994,0.015551476860095063,-0.015923706524749198,-0.0032740179067439028,0.0001530545721999746,0.0004632424581106631,0.001855610174504755,0.0034734168121979894,-0.10958340043253945,-0.042717471327886225,8.291084159958023e-05,-0.10016831905376733,-0.03299199200128136,0.008606762382767356
1789,0.00959504647396258,0.012483856400717572,0.01646054794798597,-0.025651058119434904,-0.006362700689410739,-5.344541867066677e-05,0.0005683041385419925,0.0021981763192898823,0.004056534566299997,-0.04316477352219067,0.004469318379854724,0.04045912243781067,-0.03944310656488295,0.010279668459048805,0.04718721631556508
1790,0.01010455956716376,0.013143617290826415,0.017361417780540102,-0.026777117983713655,-0.00672443432177517,-0.00010022986850119486,0.00033981619602869995,0.0020439384298024388,0.003923102531632328,0.006919617029996724,0.04255581362211901,0.07944592799951755,0.011145710663277514,0.049079359926694995,0.08894298926548186
1791,0.010622560017526081,0.013827427674788173,0.018259068921546273,-0.027868775915957877,-0.0071900379588887425,-0.0001244709312633735,9.376637035377056e-05,0.0018059458956536933,0.0038336676472197698,0.03952264722824862,0.07133883363037671,0.11356739897805246,0.04497514515170446,0.07787994212291782,0.12060059627440725
1792,0.01113351401317672,0.014509938851481129,0.01916332836790377,-0.023778416201655134,-0.00594093563244405,-5.438687069735104e-05,-0.00029031251251393497,0.0013427617114226409,0.0033215619991553286,0.058738374971721616,0.08895307011743273,0.1343061481667886,0.06563409867316253,0.09749556977348728,0.14074777714650344
1793,0.011640497463324448,0.015187025173231894,0.020090391145878336,-0.02020621457013705,-0.004652930653494286,5.639738908866376e-05,-0.0005826411587539215,0.0010185222074041017,0.0028771450632397166,0.06782304280091733,0.09972885110856393,0.1434945221416824,0.07628187181561688,0.10939931903944203,0.1533402870817556
1794,0.012148454583767704,0.015875470320914145,0.02099044214368047,-0.01813376224795965,-0.0037939887374104087,7.63743106637349e-05,-0.0009382639605600152,0.0006888793491104106,0.0024369992308584804,0.07013483665938373,0.10355241893940337,0.14937907926183652,0.08089119740130232,0.11480836432940261,0.15736937787144756
1795,0.012680554110523795,0.016581089275626112,0.021920756795793153,-0.02450228277493413,-0.006025435164314891,-0.0001912605522849803,-0.0009104388615956971,0.0008321238716390011,0.0026749763439501695,0.07025771898617945,0.1037782413064715,0.14732272103651545,0.07932968171919066,0.1134700874598561,0.15469284958658103
1796,0.013219888812129016,0.01729454131870875,0.022875319345927743,-0.025670289075560113,-0.006462380526327971,-0.00017609810959827443,-0.0009648384039455532,0.000870985277001704,0.00274894532193503,0.0415403915927611,0.07243726925824093,0.11114650413017724,0.050584570729858065,0.08260511310888023,0.11946525014044351
1797,0.013763102821159084,0.018010127089531404,0.023861983529095104,-0.022570586119522312,-0.005749675550777489,-0.00019089586960363558,-0.001128357177657524,0.0006547153239025716,0.002569174741210989,0.03515605019047525,0.058169356610532054,0.09152095762277922,0.04590349829751861,0.06946609169926792,0.10114504180850803
1798,0.014318508861112161,0.01874500140485623,0.02490374759585072,-0.02574664113940979,-0.00635871061428836,-0.0002102630731577182,-0.0010054553826923593,0.0009130059490346301,0.0029487670904546626,0.04043062184296539,0.061316433260688086,0.089197165470872,0.05081715297749214,0.07293547874530287,0.10064194972064694
1799,0.014871090009322338,0.019487124208351386,0.025899742936943464,-0.03035841613817706,-0.00757592257911377,-0.0002873233409804443,-0.0007077917699718772,0.0012359893564148627,0.003449768554330032,0.043835762651859775,0.0666879327190576,0.09667926529622764,0.05360315081458778,0.07758165796823277,0.10609819098595358
1800,0.015419844049026805,0.020241345292222573,0.02690845781914572,-0.03161346489168192,-0.007939636215152979,-0.00039652367911857667,-0.000763639091437826,0.0012090070049544654,0.003305030201574799,0.047086338957140705,0.07136550493819267,0.10363828907066726,0.056898410230338134,0.0828528889399667,0.1137374872268673
1801,0.015978516376626638,0.021002090875972074,0.027931601628523497,-0.0335328235896359,-0.008696185112659446,-0.0006107088284844631,-0.0008399750176833753,0.0012063680649176817,0.0033977992670339574,0.05105780930689393,0.07716779216194788,0.1116875553840132,0.06116372130393469,0.08885726266863062,0.1208189832783301
1802,0.016557355356685594,0.0217697673682401,0.028968044945766158,-0.03428322227010286,-0.008675988479512661,-0.0005579342764048395,-0.0008831391905687325,0.001216886233942449,0.003503665972430972,0.05702924330735549,0.08533643657631183,0.12141738534738984,0.06837566676846746,0.09749919427298721,0.1307556505461256
1803,0.017152153171824364,0.022541672572829935,0.03003616963051768,-0.033973557544660055,-0.00877785040274294,-0.000673991507546462,-0.0010760590777374457,0.0010893033782222727,0.003383860364554181,0.06471667217511783,0.09450932305176107,0.13256804527314645,0.07686381483503424,0.10708674847617008,0.1434076913395325
1804,0.01778424204754203,0.023339115905260305,0.031138331794450025,-0.03145677796326707,-0.007957606599539424,-0.0006432896495682516,-0.0013541555541146527,0.0008332898933244293,0.0031496020178107542,0.07115757165582359,0.10253394599786832,0.14309105573309758,0.08443879183542091,0.11658658019491641,0.15680845567923404
1805,0.018425348718131812,0.024146224383221906,0.0322566685001808,-0.030011000007696492,-0.007593419666876877,-0.0004736761683746954,-0.0015472210818678889,0.0007324127090434507,0.003139036648134849,0.07470304195859694,0.10813809874456687,0.1507354527421002,0.08904595705503227,0.123904438043008,0.1661366376508536
1806,0.019042270549798887,0.024973967309296102,0.03340455313089011,-0.03312748996079298,-0.008260850339057976,-0.0006731827868439733,-0.0017027413142547965,0.0007067377555908805,0.0032224106964799104,0.07703057028763863,0.11113381989268759,0.15474653887573267,0.09061289244486719,0.12683631276942378,0.16991174853505414
1807,0.01967962081598254,0.025839627319813797,0.034575104449520416,-0.03480046030336559,-0.008583692275413946,-0.0006201928778787058,-0.0017594279271622715,0.0006932783255554908,0.0032708546822799167,0.07749140776512589,0.11187184472104694,0.15579964693843723,0.09094736754475602,0.12792881247062246,0.17125719149659058
1808,0.02031434299383708,0.026689507101177457,0.035773478686404625,-0.0373328762083201,-0.009358202821251826,-0.0006921448510637807,-0.0018625997265732663,0.0007745517303318072,0.0034494771866470653,0.07475193739064317,0.1102022773704773,0.15447363174200152,0.08955938948633049,0.12590279817893302,0.17020464716315475
1809,0.020976233645577547,0.027587792075254053,0.037019987201366095,-0.046694998460663745,-0.012025067385405652,-0.0009231965834494427,-0.0015913174948961328,0.0012659052134607884,0.004334861981387814,0.07091018059666998,0.10654641688172561,0.15257679376992106,0.0833242772815933,0.12145804863814771,0.16595965499391682
1810,0.02165361026227025,0.028524456738940718,0.03826145512259871,-0.04858740511732018,-0.012696361171962933,-0.000990268998424526,-0.00154524812376447,0.0013149836032724793,0.004316199005899413,-0.5558710335408649,-0.35648261204240933,-0.15937568253282736,-0.5427553590099251,-0.33876179979063215,-0.1456973239698422
1811,0.02234330841925014,0.029435930290421797,0.039420939565560476,-0.050840297400662315,-0.013283723787630652,-0.0010434221434764135,-0.0003528886447922708,0.0028204254636190473,0.006377720604682835,-0.7024426415121171,-0.5076674252240837,-0.3293261797798825,-0.6893670459508918,-0.49210836436908145,-0.319725000264224
1812,0.023026150772575027,0.030361879255520974,0.04062289213578546,-0.04904574597716205,-0.012627641476341656,-0.0009597235070316068,0.0006828611917964467,0.00401218253041169,0.007625800112011416,-0.5690867163396226,-0.38280258353137936,-0.2358279878619702,-0.5597762749602212,-0.36458767295089767,-0.21635906277898276
1813,0.023727713151319704,0.03124963693353322,0.04193164934495841,-0.04528939080475805,-0.011574302383504376,-0.0008744398866401271,0.0010348093708225786,0.004181009840070998,0.008057049738990185,-0.39267263212171233,-0.23823712475430875,-0.12318657090232041,-0.37733142670593794,-0.21618509422669296,-0.10103689031244653
1814,0.024435119125669313,0.0321809632542063,0.043260212606170134,-0.04470853334777916,-0.011252145218948337,-0.0009011617557945079,0.0007673059892631465,0.0038709902375902716,0.0077842296486694,-0.2595581026494471,-0.13529149247131084,-0.05594812519460741,-0.24302437307876967,-0.11502032877115906,-0.031392909956517896
1815,0.025153928190334615,0.03315804117201431,0.0446383871764907,-0.05160910841786229,-0.013392607007317564,-0.0012361835281641531,0.0005860353286656073,0.0037284410620621183,0.007879723752974993,-0.16525181877074796,-0.07166854031849847,-0.013622621471266295,-0.15211746771738693,-0.053008945799062804,0.010506469769101464
1816,0.02588653735178903,0.034108207854063766,0.04604277486667474,-0.055376539100292055,-0.014024793568087057,-0.001237235140167936,0.00025709747932756155,0.0035756102433770476,0.007853535943856516,-1.315397030002917,-0.9040732542428243,-0.5385686700788496,-1.2963684493685472,-0.8805941705495359,-0.5159785863150891
1817,0.026639540300733122,0.035108629048797635,0.04750828027729437,-0.056254780219627154,-0.014225660720545097,-0.0013242561436968003,0.0019393040556321406,0.005987871454641747,0.010870868660796562,-1.6419199496468155,-1.2096145586254154,-0.8277816075370837,-1.614467821714635,-1.1864342298250985,-0.8044350621626875
1818,0.02740839660672767,0.036121765296139086,0.04898171817461128,-0.057909359879118716,-0.01474165826654339,-0.0013559872695201314,0.0036127882913515874,0.008313407639730208,0.014342757458781552,-1.3526606438354798,-0.942536333193183,-0.5939906770058526,-1.3339448045816638,-0.9143045432749288,-0.5723546498878989
1819,0.028211069752751783,0.03712122319904965,0.05038795625807402,-0.06385502562722112,-0.016244980676360266,-0.0015228676638587846,0.004058064728688859,0.009152267144366899,0.015597938061690075,-0.9741963939991906,-0.6381109127026384,-0.3742753382405931,-0.962500673044844,-0.6122176009351443,-0.343914233026269
1820,0.029015865346047137,0.03812123333105272,0.051785872996037874,-0.06579560747803181,-0.016829683106374893,-0.001551099943457479,0.003799079359086327,0.00866661991591039,0.015415047806481952,-0.7112297463806947,-0.4324727039635591,-0.2289944188351084,-0.6982489032436155,-0.407842124181564,-0.19869636950100936
1821,0.029831349910313235,0.03920112387710023,0.053309983997870514,-0.07007726541920911,-0.018161297830522116,-0.0017653147624259735,0.003045914524025445,0.00794322854875712,0.014612132559987612,-0.5325878195640351,-0.3014753227942109,-0.14990438674171516,-0.5173570549016466,-0.27723276917697415,-0.11754905201773337
1822,0.03065826394745,0.040303123213226155,0.054894531513818706,-0.07299441242703747,-0.018794568858475247,-0.001775866740925891,0.002419700088206911,0.007285956513453484,0.013996847820806346,-0.4037628455462879,-0.22270278774530888,-0.10178270553048482,-0.39642727668320743,-0.19860163054219326,-0.07435684959537267
1823,0.03149517253306486,0.04137243240591393,0.056499358547030254,-0.07300521804026394,-0.018923472180486733,-0.0018835365039852336,0.001886147403268118,0.006506615441249419,0.013350868889102363,-0.3636363533492817,-0.20536251997277488,-0.10264604932726212,-0.3604479909971531,-0.18059156342277088,-0.072027180925364
1824,0.03233457876481738,0.04245363910150873,0.05804773980042144,-0.07119255813623704,-0.01823493852851288,-0.0018218348047191607,0.0014092139176627994,0.005983530086901445,0.012371417130843665,-0.32344342427487455,-0.17647569810846042,-0.0893083414702287,-0.3172666173771604,-0.1505767918739682,-0.059875604231258636
1825,0.03318490274057391,0.04356600708829324,0.05959465730265384,-0.07116293598753447,-0.01789462720989285,-0.0017230669662154155,0.0012572482776414297,0.005715054385873081,0.012027275561492329,-0.2724600219845327,-0.13899023373464992,-0.060284771725958544,-0.2602527114158692,-0.11407060115205366,-0.029029210483111183
1826,0.034054501418613055,0.04470184579519634,0.061160259940860745,-0.07386513730405733,-0.018656461361735627,-0.0019051531150702447,0.0010161664906788437,0.005450283671974893,0.011987367254885216,-0.22895458173386513,-0.10214337396198805,-0.02840139304771921,-0.2145147404128455,-0.07531445329783693,0.00516852488292302
1827,0.034936637061812395,0.04589489936526234,0.06279663895551568,-0.07442598224732663,-0.018809386689514734,-0.0018771525945035852,0.0005789810467532255,0.005204132990173714,0.011650992738859063,-0.1891662928215762,-0.06984321740905,0.0006064648174668764,-0.17213359402138315,-0.04203030003954789,0.034704841903117324
1828,0.03583881445099129,0.04709583579949807,0.06446768871111291,-0.07638039185504283,-0.019393341881975376,-0.0019535749196758767,0.0003651588195577281,0.005019760728442027,0.011410647513456142,-0.15307690142706515,-0.04252710929739925,0.023461754223127938,-0.13785689604902684,-0.014587782797081672,0.05810292738777258
1829,0.03677270516351976,0.04834528040105976,0.06620006214083371,-0.08894999362063283,-0.022584740134049985,-0.0022720437285916467,0.00034781137871144757,0.005255846699926826,0.01181041254384465,-0.1280610379217119,-0.021707140738371253,0.041739914216867575,-0.11900670187606818,0.005220731539455382,0.07758905847514427
1830,0.037717702967707184,0.04960796841092262,0.0679228560504472,-0.08979650870457681,-0.023733545976931784,-0.0023360052499320216,0.00013119335356183426,0.005088609379040435,0.011639012820824718,-0.10255944528311463,-0.006365601904636281,0.05883737118329861,-0.09961942440982315,0.020004344581988284,0.0902539160123806
1831,0.038684528098623855,0.05089479216959583,0.06974550727926729,-0.09375700056151362,-0.02487334138311145,-0.0027039922034827538,1.5861106027643956e-05,0.004980135441495875,0.011601913001636821,-0.08589446270236197,0.0033880033735761983,0.06552202217994937,-0.08591924876227536,0.029482948599778087,0.10053966875234475
1832,0.03965483520020929,0.052180687550352156,0.07156585408160598,-0.09186775058124319,-0.024202699654723048,-0.0026786544742736784,-0.00029403348996537293,0.004640168708682724,0.011275392512459625,-0.709835431030496,-0.46221700307685143,-0.25880921602024426,-0.6951210159349348,-0.43105067317024154,-0.22866117078473264
1833,0.04063422702708108,0.05344467304933398,0.07330508806658886,-0.09069423588335934,-0.023402244471532607,-0.0026375826424771542,0.000628517812324092,0.00591299775648102,0.012910106636416008,-0.8605371587466064,-0.6251630775287905,-0.41731007253009933,-0.8517130001618078,-0.5905641661862413,-0.3872214958063819
1834,0.041636257344070504,0.05473031654694094,0.07503111505794535,-0.0896729948941778,-0.02330729679507887,-0.00275157858441466,0.0014692936063488427,0.006976900139183617,0.014558790658549814,-0.6987627637243757,-0.48939617664960927,-0.3114025222559671,-0.6820543010648831,-0.4558705956763681,-0.27504646293164875
1835,0.04266018681817052,0.05608168082517248,0.07688091281116888,-0.09811381736895841,-0.025385332970141616,-0.003074521004000519,0.0017950179859834159,0.0075106034688103285,0.015398455570065306,-0.5117960050830351,-0.33612636892155556,-0.1937220666439973,-0.5010071193281488,-0.30045471051952116,-0.15563006289239212
1836,0.04364469410434635,0.05744775555800136,0.07877377953608655,-0.09993234485329383,-0.026010792675578764,-0.0031136868250408734,0.0014987243983070608,0.007331259077042462,0.015185861169185577,-0.5376737289698619,-0.3710278478795762,-0.25453443261524045,-0.5243472853272576,-0.3355879294837994,-0.21453040923804806
1837,0.04468804762670531,0.05879189682828828,0.08073656654373046,-0.10235213190675368,-0.026900960891797776,-0.0033558995130619773,0.0013930193045963435,0.0072757259116641715,0.015413267971555067,-0.5033712569217255,-0.3431167275136423,-0.22353977459233712,-0.49336843552254983,-0.3066458390450839,-0.18462108136100025
1838,0.04574713704913977,0.060176757585722135,0.08272782971591047,-0.10606760891860417,-0.027941216660946733,-0.0034558715455994538,0.0013524218063364624,0.0074292153332488065,0.01583546735038094,-0.39386571693219474,-0.2454406794437232,-0.13782295133736985,-0.3915703055867373,-0.21094663682457565,-0.10148287850776042
1839,0.04682586588380884,0.0615587891878588,0.08474831407259747,-0.1128458368828669,-0.02971621810756614,-0.0036900698594426254,0.0012030621022694754,0.007481012883667995,0.01616088115407943,-0.29514441987474144,-0.15768589848811893,-0.0756129706382808,-0.2922273231338013,-0.1234017723513375,-0.030877321734234457
1840,0.047917652228280275,0.06296510413948014,0.08678912162679844,-0.11483853083278546,-0.030586730756150995,-0.0038102592271530775,0.0006199591812190014,0.007116580778104273,0.015759358518468214,-0.2220275397532646,-0.09871071530325554,-0.02870159709661437,-0.22832490109813464,-0.06325709500850168,0.017482498946044492
1841,0.04902503317965669,0.06440287531226854,0.08885669675919147,-0.11830332591143668,-0.031267793104514476,-0.0040708499504148316,0.0002715546486504322,0.006695290021621378,0.015298751525827686,-0.17289438196367665,-0.06091675642154474,0.003376735414043243,-0.18163011876515006,-0.02535562009268423,0.04847977239904881
1842,0.05014816394128753,0.06588801191219577,0.09094791142901798,-0.12296958657271845,-0.03262200296454312,-0.004222728838364415,3.391224331660697e-05,0.006573402902980023,0.015486550183086548,-0.14679682315414427,-0.038432715504492634,0.02149735982168459,-0.15378761380738265,-0.003909680348976999,0.06817040574167686
1843,0.05128119412917331,0.06740227218226957,0.09305975639973578,-0.12455676747405012,-0.03278245640603436,-0.004402414464324593,-0.00038237884950174245,0.0061909627119289615,0.015048761334119372,-0.12439676980998679,-0.025171153948766026,0.03288392509596745,-0.13404872991670663,0.009110042792806885,0.07933677076216164
1844,0.05241401352997985,0.06889889309997262,0.09518096339784592,-0.12212159639022663,-0.03158682051357872,-0.004527745413230991,-0.000737436657149898,0.005680771819125144,0.014558326358675294,-0.11371577248306482,-0.018343908780254055,0.037817103291417103,-0.11427678230051463,0.016967234303903407,0.08858549072292606
1845,0.053555174775872,0.07037773477755757,0.09726834793925253,-0.11980838491813592,-0.031862278984927744,-0.00468538049455766,-0.0008609399088002206,0.005634510168580659,0.014638617449668101,-0.15184668705721233,-0.052528192168897245,0.0032065404992500032,-0.14741285361171713,-0.014127483897463204,0.05527589973561112
1846,0.05471587769106116,0.07190496546755856,0.09949640918592512,-0.12512095192021,-0.03306672950375777,-0.0049927286917237634,-0.0007820435632790654,0.005748068536863077,0.014918429779563858,-0.1489419702255928,-0.05888634788371169,-0.00818484450122317,-0.15293152682219457,-0.020505258700483964,0.046036511808127546
1847,0.055886675271116196,0.07340599199372808,0.10162309424531941,-0.12556837923095487,-0.03345068560568143,-0.0050903076464931946,-0.000957621672423796,0.0058031847798358585,0.01510128203916597,-0.12570962592501833,-0.04037433800165793,0.007262368373003064,-0.12857757136557182,-0.0010217351608150342,0.06089360570629075
1848,0.05707838668594914,0.07489869698234208,0.10378234261254027,-0.13280672899565016,-0.03544704354285869,-0.005386113112860344,-0.0009599651912369431,0.005994177490260346,0.015438240066503468,-0.09931280320131824,-0.02022150857137689,0.027561616024079506,-0.10248770079565164,0.01890953825613376,0.0811358955471641
1849,0.05828600246418405,0.07645173926228274,0.10617632123198224,-0.1447651846038538,-0.03827929967345976,-0.005860886945713174,-0.0008681924540369576,0.006344116555429047,0.01612203089566481,-0.07665970594538793,-0.0036782606791612854,0.043749224618043134,-0.08923906508198172,0.03562126540908052,0.09851101241333976
1850,0.05948196705798485,0.07804363894265189,0.10844388243636785,-0.14869357687585333,-0.03962523738211409,-0.00621194517835047,-0.0010463347221028318,0.006336606275521808,0.01629134997500318,-0.06183046568503405,0.010068808603022616,0.05571801702368756,-0.07438377310814022,0.049163723289917693,0.11281814274457574
1851,0.06078777052146755,0.07983330208682242,0.11088950471043346,-0.15403344294028187,-0.04098375879540296,-0.0066244323544084605,-0.0011601032166595193,0.006346715170760783,0.016549328039201984,-0.047006529529748466,0.02210774481480732,0.06902418737371478,-0.06277789869747676,0.06110568426219003,0.1255113555987622
1852,0.062184205077442364,0.08167213537637408,0.11349647397375774,-0.15091586301036183,-0.040665073181822706,-0.00678207189506122,-0.001470905786065485,0.006110724156797143,0.01631788547277141,-0.04066259438786925,0.029726727710758433,0.07741283456033106,-0.04965825273333418,0.07043913550150957,0.13436217936523756
1853,0.06361078558404094,0.08350210811455777,0.11616611270181182,-0.14663335074657105,-0.04013610381370819,-0.006689190338809242,-0.001891255976570208,0.005763537297954036,0.01615492657684959,-0.03232184764224528,0.034952439347613766,0.08348921323469159,-0.03571709521927584,0.07776970474593292,0.1407407043903614
1854,0.06506064676614022,0.08537150392070003,0.11878703417232678,-0.14748343242331732,-0.0402869670969111,-0.006734439507704651,-0.0022451118957491356,0.005579488079767936,0.015899747637287798,-0.023738970437189595,0.03902118796490266,0.08775015029337468,-0.028493297651845093,0.08401394055232794,0.14641941682027976
1855,0.06655954938601036,0.08729886852985963,0.12148677435602623,-0.15900396830699398,-0.04313988746723585,-0.007425604387381574,-0.002210556857839066,0.0058174620395570475,0.016502646219162462,-0.01847314921243037,0.04063334545369422,0.09055153387511437,-0.03196117124879233,0.08500201285131515,0.15011423874152902
1856,0.06806569350150232,0.08929314117475035,0.12423690179872336,-0.16078664096477546,-0.04431252509589059,-0.007621587877394725,-0.0022943415969802726,0.0058309102944321504,0.016691266929201955,-0.0759279622169565,-0.011336321551081323,0.03861081968773638,-0.0862094627783145,0.03356149048722321,0.09566073784469689
1857,0.06959460960717025,0.09126811256414649,0.1270220667155438,-0.16250053223677596,-0.0448151956067863,-0.008038726301069402,-0.0025466428130368306,0.005833217693673461,0.01678802953481394,-0.08697936896327362,-0.026303773782722133,0.015380298816879044,-0.10122098853554039,0.021014083093814445,0.07906977639858917
1858,0.07113636883937059,0.09325759516145599,0.1298445658856465,-0.1694537436252475,-0.0466813842513464,-0.0084006425720069,-0.0024025444320332767,0.0061476353529064595,0.017492735640880774,-0.06347520232493883,-0.007659989356300918,0.028285620741515444,-0.07915041191245667,0.041154961932835514,0.09924007243787097
1859,0.07269010948773261,0.0952646034296896,0.13269883904281293,-0.17649302743088296,-0.04876806694489112,-0.008777499006214579,-0.002295031050522603,0.006463581357953059,0.018070215583305245,-0.03855437992737955,0.013853200796343605,0.04970029367603523,-0.05675374685558045,0.06241948797985192,0.12134763972972319
1860,0.07426299772416131,0.09730304252198663,0.13558818170859893,-0.18078527544723116,-0.05006311766254576,-0.00920797754060397,-0.002537327797620628,0.0063849840567955715,0.018310183078785798,-0.01955423978386396,0.03138630059217247,0.06825689642050427,-0.0378718194079646,0.08002405377966831,0.13858342586002642
1861,0.07582101123428583,0.09939945170019233,0.1384709279137289,-0.1855844583507412,-0.05222814811115703,-0.009703220814184121,-0.002864534758590484,0.006301268353378492,0.018429353304883232,-0.006023068674122611,0.04416498278581348,0.08259685169357073,-0.027918327686243527,0.09322731591383221,0.1522072852642562
1862,0.07734448932391103,0.10146973581162999,0.14131412070107702,-0.18814534068968025,-0.05348101561167015,-0.009999215383605917,-0.003188341607809869,0.006303002295851151,0.018720044354398196,-0.01291870661919305,0.035962593928054454,0.07398160241107606,-0.037475918156409126,0.08523897953689422,0.14517530388729571
1863,0.07883922913291651,0.1034944448178898,0.14411825881086832,-0.19023402369098663,-0.05396446420209618,-0.010275027170061346,-0.0034539122220547114,0.006166016299913764,0.01857563364099435,-0.01970172244124386,0.026361352735828944,0.06281627443319965,-0.044981379312119124,0.07835391635313103,0.13510826833378223
1864,0.08031256628200897,0.10549481249116155,0.14689084345634004,-0.18670367073719302,-0.05335956387178502,-0.010637255595744459,-0.0036061669150848907,0.005907376146141702,0.018430874955031172,-0.15052976026357628,-0.08085354388957983,-0.02491427654218159,-0.16405350193720009,-0.02820470735860895,0.041208870721396146
1865,0.08176727133764938,0.10749599263939083,0.14964636965352895,-0.1881594240057268,-0.05435698185409171,-0.011027662494523048,-0.0034083193468728117,0.006306567431649479,0.019125343849059555,-0.17270028797402762,-0.10460197720395317,-0.062052241128078056,-0.18844701524822788,-0.05195970093156203,0.012475402567341991
1866,0.08321506948171867,0.10949758819702878,0.15239866286057616,-0.19852227000359018,-0.05748044209809069,-0.011863403227421857,-0.003170449427772438,0.006807397339884377,0.01996133250207098,-0.11997786727443366,-0.06668135464960509,-0.028033937328327138,-0.1487620715990688,-0.01152981726843029,0.04804361967626381
1867,0.0847163833507662,0.11150130206965282,0.1551545537474317,-0.19933015145831762,-0.05824429177512794,-0.012298546712301697,-0.003322779524816938,0.006880713881252814,0.02017959130820817,-0.07264115457843885,-0.02597304965938787,0.0076676852103136,-0.1042443610651425,0.030531589481840652,0.08814130758558056
1868,0.08621922074625123,0.11352089186419637,0.15803570310924073,-0.20780303935630853,-0.06124944350136915,-0.01301894360697431,-0.003286195310742382,0.007142721787131125,0.020691760556957553,-0.04058375854532048,0.001303997401760404,0.03209940175052514,-0.07505898865149889,0.058243821732113635,0.11230517642513985
1869,0.08772432940383523,0.11543991449684042,0.16096058103840993,-0.22070101216122948,-0.06509788499141149,-0.013738009690615643,-0.0031133987021892684,0.007558219346390678,0.021605305170654024,-0.021247717057378213,0.01976321463447996,0.04977554638846232,-0.06459492739262553,0.07484039797187533,0.13129661759849748
1870,0.08922387160282025,0.11735744855893174,0.1639532174892002,-0.22393748635109756,-0.06688710846343005,-0.014326214740846999,-0.0034386014583955016,0.007584006706518279,0.02180653486736439,-0.00912821746861775,0.034555284895462904,0.06691582013879885,-0.04709824348797029,0.0896030259996411,0.14860783783351222
1871,0.0908047852794202,0.11937878500360599,0.16700626026983362,-0.23072119449773923,-0.06971438959937962,-0.014969727284525502,-0.0034899984924546545,0.007741764159301414,0.022276258226539475,0.0008451967513934122,0.04435475513125245,0.07957802520116201,-0.03809331620164731,0.09774704315695319,0.15953889458871406
1872,0.09243239423353904,0.12149769582613573,0.1701353555319646,-0.23034958606213407,-0.06990695246210024,-0.015505192793629857,-0.0037637012860418095,0.007692503148593287,0.022322339530268603,0.00930066228367156,0.05336818205839407,0.09046181976680343,-0.026391792103593756,0.10858740579061457,0.17014603868399578
1873,0.09410130179485304,0.12377081419669345,0.17337278095033343,-0.22954673221205998,-0.06976828737703883,-0.016341572709766494,-0.0041781124168537576,0.0074221710869289415,0.022161194476912283,0.015758036194939665,0.057786641294741765,0.09738869321128826,-0.017596481221299903,0.11389480284848488,0.17627043599581194
1874,0.09583014349026782,0.12609623330936998,0.176693934622701,-0.2362228364827986,-0.07345080131093987,-0.017351138100732563,-0.004154748533516189,0.007567007145801372,0.022586657252481587,0.006202177680938059,0.04687223167301663,0.08703567012531797,-0.03431377274471753,0.1019948909914994,0.16358156637643495
1875,0.09757936477650256,0.12843761714733495,0.18005919487747216,-0.2454906617138495,-0.07670983350707156,-0.0180776010502805,-0.004163580592098176,0.00802403617629402,0.023320014206026085,0.015113358545188901,0.05348737893258323,0.0937471402056865,-0.02986115195377937,0.10961344274282425,0.17187814027434595
1876,0.09939556406150131,0.13083518003763012,0.18337916838748589,-0.2448646683304373,-0.07787830139159885,-0.018780661405246535,-0.004335311995386809,0.007927686373347669,0.023567125831292935,0.01991527177510817,0.05743589752738802,0.09964479594266314,-0.023191127883792878,0.1150347078151233,0.17861266491520958
1877,0.1012588506081767,0.13320651739173434,0.18684580810203405,-0.249146717526461,-0.07986292840831846,-0.019366151088442904,-0.004488094863359687,0.007911959906494598,0.023803581615061374,0.01971617335300571,0.05561195941823577,0.09768024750471115,-0.023881238882154873,0.11410201224106302,0.1782554349078483
1878,0.10315356353093694,0.1356131153119989,0.19037150787550017,-0.2539248339951852,-0.08235805621069744,-0.02019663550789333,-0.004552021229917574,0.008177339571624226,0.024413336444719668,0.01986423454441081,0.05602721889096124,0.09796756738978116,-0.024350471064905666,0.11487210057107819,0.17933081617061242
1879,0.10508158214996155,0.13806310244609424,0.1938642190810254,-0.2594630878123332,-0.0845613944218944,-0.02092904102566359,-0.004536969432016286,0.00849405775699244,0.025138705188727593,0.02122755058804529,0.057699583346016936,0.10113861372804987,-0.02386130210452462,0.11657411104067028,0.18248947961890682
1880,0.10703985478493826,0.14056835061780482,0.1975566298623771,-0.2668150792356804,-0.08769815119315051,-0.02189421986280987,-0.004612877302412596,0.008810874810998792,0.025652494675711134,0.023205425808260176,0.059121299099074015,0.1028934741926642,-0.023687721876507806,0.11836484707091663,0.18522533813637965
1881,0.10901191969468213,0.14315079340477327,0.20136128175948964,-0.27160733238948137,-0.09104561557434857,-0.023215235783779126,-0.00472811564458317,0.008862300178209187,0.02608857192834596,0.021206279369478068,0.05673907338362317,0.09900309764845919,-0.027510897490726712,0.1158931114011748,0.18150868206811938
1882,0.11100867343243179,0.14586194038770697,0.2051754656202849,-0.2779376553767892,-0.09406095108580104,-0.024311863797865207,-0.004656881476182928,0.009133356577465446,0.026719183921527223,0.02283624102593626,0.0580461123479481,0.10035581129605975,-0.025338295486291483,0.11748259030262473,0.18299088494802646
1883,0.11304675273145028,0.1486259097531446,0.2090596369600223,-0.2820368927237135,-0.09614354374606729,-0.024704559594157682,-0.004853641756948107,0.009190047094871867,0.02709235309115959,0.030850748449621296,0.06528602506316149,0.10731892641319711,-0.01626672383166431,0.12500918361826782,0.19216443624293
1884,0.11512874103853343,0.15144681806152424,0.21301943757661265,-0.2816325539921263,-0.09741676572560465,-0.025725194472363794,-0.0052535467332306685,0.00894980153390982,0.02715715070861581,-0.03697330371356658,0.0017721743912918544,0.0458265201874174,-0.08713098806417639,0.06330836098031332,0.1295381569738406
1885,0.11724010626123642,0.15433007188914566,0.21704668746689626,-0.28466826528310174,-0.0998525867866662,-0.026687686301777147,-0.004971883554403811,0.009506871511187454,0.02790173798566592,-0.353841266915785,-0.23834978678435037,-0.12214799295483095,-0.3833820335187451,-0.180705074931646,-0.05462170447795646
1886,0.11937213915765056,0.15724211205021127,0.2211336641324334,-0.291430860491009,-0.10250296165316201,-0.02771766179823766,-0.004095246746006503,0.01069588055732723,0.029359969605762287,-0.35230831986209044,-0.24785869532361826,-0.16134855496536338,-0.39198872939642465,-0.18714691465733013,-0.07563756584399148
1887,0.12152819538218523,0.16012223156676214,0.2252801049832533,-0.2948138469481912,-0.10480803993923654,-0.02850125914907098,-0.003660664610280473,0.01128306050697149,0.030411035004252712,-0.266230312461803,-0.17062365936005225,-0.09480191900725415,-0.3059417886604525,-0.10750217569652719,-0.007678174461385624
1888,0.12371964390561331,0.16301127078121508,0.22948046174363645,-0.30186493185666297,-0.10787072032506566,-0.029385964111657878,-0.003603423368662928,0.011625086914608375,0.03118391122665387,-0.1915689447445022,-0.11077509385856786,-0.05242028502030481,-0.23727947520367101,-0.04504639824580674,0.03747075800245306
1889,0.1259740070721127,0.16596574506556847,0.2337509817728947,-0.3155958472461218,-0.11269799960374581,-0.030901217829434564,-0.0034024507923134245,0.012204324494669308,0.03246239215751568,-0.12706784386289227,-0.059159718083971885,-0.012936572251954277,-0.17833111374590183,0.006662457061052635,0.08201898726955842
1890,0.12825684088621236,0.1689702377158223,0.2380029123652505,-0.31941949438109846,-0.11560297677472606,-0.032277226346727944,-0.003544757351929481,0.012227751077427018,0.033328992388163205,-0.07850530823104379,-0.02329599425438314,0.01756427091677716,-0.13156898233127562,0.04408508681881925,0.11377082111054383
1891,0.13066198550431232,0.17205965161817133,0.2423839046113938,-0.32779524080196765,-0.11921170851115488,-0.03388267232804354,-0.003656854363653414,0.012575638708989062,0.03395764066615705,-0.06871651477375963,-0.022759649379181464,0.010104228261523157,-0.13836677275030917,0.04236151867896299,0.11111203446240164
1892,0.13313006946454004,0.17524917533766898,0.24688832012271938,-0.32885856399055813,-0.12238214370459198,-0.03557645723153781,-0.003949385042362738,0.012434195391541017,0.03434069139678736,-0.07908556576579423,-0.03738844544322242,-0.008197421143712386,-0.1508966914007464,0.025672023859892902,0.09775605817183985
1893,0.13562826686513094,0.17851054414913262,0.2514720884878479,-0.32861891027440393,-0.12515502022890593,-0.03627932073014353,-0.004220942169122319,0.012497341994896695,0.03457684185095669,-0.07680999255709917,-0.037606563518795794,-0.01066663858643474,-0.14423390532113015,0.02791082356173591,0.09952254871786162
1894,0.13815288868203263,0.1818211282116659,0.25612854820377234,-0.3323518307751514,-0.12653921305799587,-0.03684026366782346,-0.004393438161190769,0.012620486626820929,0.035085594653254115,-0.04898677857324381,-0.010856872358979516,0.017659359664475016,-0.11097441886862469,0.0591490972087354,0.12672575963205818
1895,0.14072475155668457,0.18531901770978337,0.2608841164318124,-0.34469768781137533,-0.13087675839666324,-0.03853774281269015,-0.0043533788511532084,0.01306110166696025,0.035981112286963775,-0.022324391432153222,0.018219092819694666,0.049974734635866186,-0.0890657635089021,0.08665423361888347,0.15744614958438813
1896,0.14334648521477306,0.18889104587775654,0.2657395570909984,-0.35166837929738387,-0.13429574682701123,-0.03958053827621977,-0.0044415067768650285,0.0132865880860847,0.03662598288290433,-0.0037124990148136028,0.035515895971043356,0.06796877495203932,-0.06762651484401633,0.1054958858057824,0.17602087384723888
1897,0.14600470036502067,0.19251752946624207,0.2707725218069277,-0.3548403885896038,-0.1363129427410992,-0.0404187692186683,-0.004837595692378099,0.012994099641422063,0.03682719046724099,0.005756929086870269,0.044021729997132705,0.07982013376766509,-0.05322588283935553,0.11519736880397097,0.18716959853773282
1898,0.14870876743385328,0.19620799168313557,0.27590002392629265,-0.35941327171062487,-0.1409106722682832,-0.04188583954214292,-0.004884808205898705,0.013660727580023624,0.037552877223428746,0.010040805385088312,0.04820837944637217,0.08609698135430066,-0.04554553583784838,0.11956092707960436,0.19087350338646092
1899,0.1514631526998057,0.19996605022294914,0.2811173084133006,-0.36463037639413143,-0.14454253804113293,-0.04353731938918387,-0.004886033697054398,0.01403191704501091,0.038352743794529603,0.013091375468405358,0.05154331523308667,0.0905916820473667,-0.04601323203397189,0.12286017313888359,0.19492277822373472
1900,0.15430875685054662,0.2038312467407929,0.2864941844032969,-0.37657388846311074,-0.15089336333919423,-0.04653438013124536,-0.004931943258821764,0.014512769535524453,0.03948473635736671,0.016185352836985925,0.05395024025630138,0.09418382216558185,-0.04876573726156893,0.12298061808721167,0.19904782439484028
1901,0.15723902194807388,0.20779355356090232,0.29201839075934943,-0.3834944367848988,-0.15610621476471948,-0.04892011895672263,-0.004911750766187328,0.01483201224752545,0.040412171108660105,0.018740198586447293,0.055794900622566354,0.09764825476461383,-0.0457201323645802,0.12424540379284188,0.20192047338724356
1902,0.16029300521940038,0.21182619204373346,0.2976361197518843,-0.3873938811083895,-0.15969171378586522,-0.05046771120074642,-0.004896421720018168,0.015082681127428613,0.04127560863939396,0.0203501728725978,0.05677807807569166,0.09875825733219726,-0.046170411653898236,0.12531171400232607,0.20220099659001883
1903,0.16338361995185044,0.21588412622992864,0.3033317990224437,-0.38914749834620466,-0.1642749921102442,-0.05166891796353537,-0.004994339601251209,0.015189768644894575,0.04186355558119387,-0.006759609944591738,0.026924507415715976,0.0692057189444952,-0.0762782053722395,0.0952458988447289,0.1723382748474266
1904,0.16653803525411226,0.2199626507515727,0.3091307021314521,-0.3963359375913229,-0.16981056498706548,-0.055734043979056375,-0.0050836835395827035,0.015612404801193816,0.042485240039484534,-0.1377856667441702,-0.07974134980788802,-0.024449028972399617,-0.2014724023261163,-0.011084217466238055,0.07532645349960644
1905,0.1696969784289508,0.22413399017856614,0.31498909950784165,-0.4052245982600725,-0.1754741295584471,-0.05829985300817203,-0.004554924876188887,0.016708364800515074,0.04437568028140548,-0.12934260449059948,-0.08141908181417745,-0.04539768642339173,-0.20318737654218694,-0.012804294882517163,0.07253803996922245
1906,0.1729622618300168,0.22839969810204902,0.32095418680703464,-0.4153462217649516,-0.18209359231965894,-0.06123896638891008,-0.004278747778527658,0.01750645727217494,0.04616416695017159,-0.07596180516612643,-0.035032451515879484,0.002086062392991625,-0.15492540816273898,0.03270122293174974,0.12148365195675655
1907,0.1762860497545617,0.23274971276948603,0.32706877236516285,-0.42618758713539573,-0.18953245915752448,-0.06413623412439165,-0.003910102787319625,0.018015460472537714,0.047074855219885206,-0.030456689308089882,0.008434941013222563,0.044112809856922106,-0.10926751138896122,0.07346230368166184,0.15832273928134388
1908,0.1797588870958401,0.2372746406697768,0.33337717704946357,-0.44267625954620193,-0.19968257191667932,-0.06838214584357111,-0.003427152282671292,0.019032998722394626,0.048740447535681346,-0.02171470515712147,0.009898520765477203,0.03855845657306624,-0.11204510655436732,0.06986734869228246,0.1553503297356645
1909,0.18326043665834588,0.24186131343580475,0.3397719950764779,-0.45428240643489187,-0.20482566067585306,-0.0701209962956661,-0.0033752838998661605,0.019716966576453165,0.05057649224851718,-0.00806645580975332,0.024771466961361045,0.05514837104229821,-0.09854358867633028,0.08462063468791634,0.17158080060430955
1910,0.1868124685092309,0.24650775687611287,0.34626217686698707,-0.4635265317748485,-0.21069449674508975,-0.07256879191797494,-0.0033353864931349383,0.020188623789012525,0.051799810659955384,0.007875437225026177,0.04150670730071119,0.07531382741490633,-0.08309263183019844,0.10261534395388644,0.1889431585821811
1911,0.1904107049974103,0.25120440336458877,0.3528459366285306,-0.4775784451214063,-0.21859272173573188,-0.07534428303098123,-0.0029471709734501528,0.021007728005798365,0.05337597141081063,0.016731867356416213,0.05045167736646949,0.08532985691800074,-0.07989889926325545,0.10936277718858176,0.19850350111400425
1912,0.19401781234884924,0.2559133922320357,0.35948538449638573,-0.4815197427662332,-0.2225090711396404,-0.07697400769437485,-0.0029369616917430813,0.021416731046562873,0.05428443801910135,0.019560769644130754,0.053991530100830035,0.09016839097606585,-0.07368615479684833,0.11394035931731644,0.20539728513320932
1913,0.1976465220593025,0.26064250607007877,0.3661926896270018,-0.4885917676191651,-0.2265389238583277,-0.07864833997682091,-0.0029158405067221393,0.02179552000942865,0.05505482944204396,-0.06088741174884021,-0.020092779242127858,0.02352284581273976,-0.153156039122955,0.040362238257353314,0.14046818235156805
1914,0.2013481940947823,0.26547464533707565,0.3730392144780346,-0.4992825002009619,-0.23221388810045407,-0.08169325050082143,-0.0025508051735964737,0.022924150495742108,0.056327787493730255,-0.09191278086695061,-0.052071466294716096,-0.019118199462823754,-0.1943837167684996,0.009192029805068412,0.11138670889195826
1915,0.2049698947281148,0.27025314302647674,0.3798600867083673,-0.5050169978256847,-0.2343157556938322,-0.08152133481408042,-0.0021093244887130866,0.023610790732129724,0.05764552627175105,-0.06437231093271045,-0.02984757880510347,0.0017275519709157791,-0.16738777412622163,0.035562319589174975,0.1372146236516567
1916,0.20853530243315027,0.27494287446325694,0.3866439507931262,-0.5091757943742158,-0.23436370665802034,-0.08120663186149657,-0.001959767269860191,0.02408795177908696,0.05863086914557685,-0.025567252284205935,0.009794554751797413,0.04482291070630667,-0.11698888630244209,0.07816013532619734,0.17828810613176144
1917,0.21216367776985978,0.27964628521666773,0.39351222480800974,-0.5163828300283527,-0.23832392398201935,-0.08347515600995761,-0.0019908086012624393,0.024498244816460082,0.059469824663938076,0.005195330776952473,0.040307261289816126,0.07649542271269212,-0.0844653479866122,0.11036480193304402,0.20671957141285613
1918,0.21586874453784374,0.2845584558478999,0.40049491466817677,-0.5269669509434869,-0.24469128991074882,-0.08571091030016734,-0.0016715820323758013,0.025302925822272587,0.06061743377193993,0.026505726223392256,0.06133250018173669,0.0989254148624414,-0.06613195773040645,0.1296944469211262,0.22712023078673022
1919,0.21957837943981032,0.28954998517696584,0.40747132685981496,-0.5364417599920446,-0.24913583910808135,-0.0873151547570975,-0.0014439810971771869,0.026015478687730742,0.06182950612466452,0.03811684284751722,0.07329692242204755,0.11480235730146938,-0.050285406717022,0.14602999821912532,0.24398262404035867
1920,0.223059493252175,0.2944237762300088,0.4141689274159277,-0.532364624301481,-0.24515127075011287,-0.08577856448608506,-0.0015765333944528503,0.025787039998205363,0.06252250664084305,0.04175859878121946,0.07804376942307088,0.12120817232506875,-0.03815269993821506,0.15945158292837505,0.25552463346990617
1921,0.22666365877286856,0.29937891760496094,0.4210633647131318,-0.5394007465145213,-0.24771276457871966,-0.08678544859585197,-0.0014866363348959577,0.026459372552431082,0.06344398702725347,0.041696840523879924,0.07753407553661462,0.12237541895768778,-0.036092490832415315,0.16051465688022196,0.2573268574382662
1922,0.2301449090504341,0.3039705305250888,0.42785733255366776,-0.533609586238642,-0.24221037720158697,-0.08436626026013172,-0.0016553065860140104,0.0263107757960145,0.0639929496653017,0.04054020689232869,0.07618228814551024,0.12155487389364307,-0.02570635790343375,0.1690767159804535,0.26363582208856395
1923,0.2336704312350214,0.30865319440219163,0.4346949414511759,-0.5297763234650299,-0.23953932774842387,-0.08309889637441889,-0.0018368280715790886,0.02624923205249327,0.06407534304395099,0.022734128337186937,0.05634595137920757,0.10147085169479676,-0.0367761643602074,0.15408964766504868,0.24888094097018448
1924,0.2373915421832514,0.3136796460491969,0.4417755558827434,-0.5462834424813099,-0.24622047079516737,-0.08495378916247609,-0.0010308727103939264,0.028130804379763855,0.06601130694033705,0.020840237448605962,0.052479118044971004,0.09372510826241073,-0.04639223806038451,0.15235292969455982,0.24834047471767629
1925,0.24116089214106015,0.31883943185382346,0.4487609593545805,-0.5523855497511961,-0.24946469238149915,-0.08656659092330199,-0.0009076567548380945,0.028710221434069344,0.06726493062334322,0.030845524897656906,0.061609585314347154,0.10492013994202629,-0.029545434079725107,0.16445864567108523,0.2619683572519036
1926,0.2449981434520978,0.3240616649369834,0.45637748176260967,-0.558915584533407,-0.2511039924303408,-0.08747579731568267,-0.0008398612032791686,0.029383542907681495,0.06830902373828718,0.03748635289934893,0.07058167899628737,0.11492680231773306,-0.016469292250833073,0.17733494355528137,0.27253817939045244
1927,0.24889257978920554,0.32896843922055813,0.4640010598178883,-0.5638725686872789,-0.25355021898497276,-0.08888387452894225,-0.0008325256600660857,0.029864315768019567,0.0691845071384074,0.04485961902992108,0.08014055395063893,0.12519704517966918,-0.0015452676517873007,0.18975044804070637,0.2848973047668939
1928,0.2528660488838733,0.3340181224170319,0.4715906053060652,-0.5716633161459395,-0.26001469996066806,-0.09160758863932911,-0.0004015477492337327,0.03077738927481538,0.07036171378273767,0.05253456575054541,0.08862353122501568,0.1355182961942097,0.005033506914309833,0.19965789043011029,0.294449584794556
1929,0.2568635502349053,0.3394704083204356,0.47926149422431036,-0.5767597301198318,-0.2640404528744181,-0.09264030297991971,-0.00026874764069514945,0.03154187450977744,0.07157380196865509,0.05068591758678406,0.08736273540280098,0.13543636232738304,0.006594110895505623,0.19877248860227267,0.29495404291312377
1930,0.26097183401581653,0.34506261300892044,0.487129288401298,-0.5860111614021377,-0.26953814900712025,-0.09454264073227348,5.314347185708668e-05,0.03237586625715026,0.0731077204402469,0.0273337324659286,0.061820577974769614,0.10669707798655595,-0.019709451271918255,0.17218855620302542,0.27300659082936163
1931,0.26511590788356704,0.350682493510194,0.49506139210673655,-0.5948924039064898,-0.27266398133195296,-0.09556264298342404,0.0004033737709689955,0.033167721884077905,0.07466208478492542,0.04228368772166902,0.07465288573467738,0.12169176752555541,-0.0018763030918412908,0.191121380182805,0.2901182823044776
1932,0.2691524340040349,0.3561896727887609,0.5029155289906568,-0.5848863008896509,-0.2660843229722513,-0.09291967803967532,-0.00012690173499169122,0.03268131432754125,0.07409969208895631,0.04826986246959273,0.08243858294897435,0.13044667092160667,0.02276645065516393,0.20968967294770655,0.3053953248515053
1933,0.27303538566448704,0.36127329190678104,0.5107493521986258,-0.5773481650316801,-0.2576493341103817,-0.0897568311483603,-0.0006744627157133365,0.03222421686053273,0.07408648651697795,0.026589056492710372,0.05987705387450336,0.10420568096214894,0.008868685252939353,0.1970061650886163,0.29159541411527456
1934,0.27689908830071686,0.36647923415658124,0.5186141735791151,-0.5762967910185446,-0.25556860091348466,-0.08823469904298786,-0.0011009845442285227,0.0319893842439152,0.07438434632811942,0.03142078194695638,0.06344270536545915,0.10835576465848429,0.021562517923298476,0.20994311389744744,0.3032461421934692
1935,0.2808102282912676,0.3718671147345778,0.526626211536312,-0.5844011170604382,-0.26060801973803993,-0.0894759113754861,-0.00035498966163682866,0.03285077498724498,0.07619716096100516,0.03904893293866202,0.07369481142945505,0.12009243580968035,0.03534247670653655,0.2197919044555111,0.3146656842262084
1936,0.28490208147811846,0.37738723384606343,0.5347724660868355,-0.5961901351907478,-0.26791104218548056,-0.09312795818980091,-0.00023891367804773633,0.03352533049298784,0.07749366054751133,0.04792308150732787,0.08272456797800501,0.1305671865825238,0.04422539546130586,0.22958881314766627,0.3240054277618635
1937,0.2891674701562484,0.38312829866999476,0.5431495237115724,-0.612599993883171,-0.2774114482844662,-0.09704751878309037,0.0002639999674975413,0.034835156964652086,0.07963062586055772,0.058501452206142335,0.09577039064779316,0.14708386099884568,0.053538870637619015,0.2407198469237049,0.33737658742593385
1938,0.29359841718351654,0.38909937803046535,0.5517366412394439,-0.6240727468919663,-0.2855018030101359,-0.10050314356547185,0.0005641670433875756,0.03602114426973002,0.08141808694353964,0.06522764081094487,0.1040671968966625,0.15845850127682984,0.0628120168143492,0.2463549878778701,0.3460471160649537
1939,0.29805536789443626,0.39514875379110875,0.5603716657055264,-0.6240774778961589,-0.2877330595038499,-0.10093094643557615,0.0005776843555134192,0.036108406586680075,0.0814208226651264,0.06822562568814192,0.10807222824274688,0.16334521639477195,0.07879047563364663,0.2561755451065208,0.35472696313325336
1940,0.30252530116810983,0.4012192679765548,0.5691664124744948,-0.6342330006787799,-0.29349013110597516,-0.10364051985834255,0.0008637031179806187,0.03690106393593906,0.08315379652201457,0.0705946967759225,0.11079800597432113,0.16640415575326928,0.08212666819967432,0.2594069457020287,0.359020412276116
1941,0.3071744364642175,0.4073728175742705,0.5782136908683845,-0.6434586472852131,-0.3025542314761455,-0.10846487194880605,0.001266382542717659,0.037944764540495335,0.08481241779230286,0.07018310873025271,0.11065046725619959,0.1663079148650744,0.07738340314987333,0.25860738428262003,0.35954225708437637
1942,0.3119796561753972,0.4137496678126771,0.587293014590496,-0.6533788190323678,-0.3117183496591428,-0.11194279278209085,0.0015176941681709077,0.03895618068668483,0.08641163286849633,0.06903996619158881,0.10929772901311839,0.16466571432197252,0.07948565607093194,0.25679656947390206,0.3602321695011876
1943,0.3168801747967183,0.42029783687774963,0.5964666252378035,-0.6644432849412549,-0.32034343739496673,-0.11526727099434464,0.0019147785969618747,0.03994742267966084,0.08850155516521954,0.06533835715637842,0.10635929529842617,0.16272451459398812,0.07383326682741578,0.25379743562454,0.3587101975547211
1944,0.32193744774985134,0.4269870094007658,0.6058136950807366,-0.6746913117046061,-0.32717480659117737,-0.11842369506133354,0.0023909581245951106,0.041190415504504585,0.09059840275801961,0.062339006587805695,0.10256137715249519,0.1589988803812432,0.07250750274283316,0.2516052804056739,0.3582856815674004
1945,0.32712500980641385,0.4338059908440027,0.6153260000535052,-0.6824963047660637,-0.3308134527546871,-0.11972874450025328,0.0028837860152132744,0.04251305431548183,0.0926778060184561,0.061703885257507335,0.10094618578608858,0.15935404685570242,0.07579248851420553,0.255535637883388,0.3616127289355346
1946,0.33218284758788047,0.44030830270067295,0.6247806064939619,-0.6762563894106755,-0.32443216200772773,-0.11513727564090548,0.003058918043856662,0.042919424099041925,0.09310514433583672,0.06529202564015046,0.10497448779183727,0.162473532548296,0.09432572659443522,0.27304216875504517,0.37568153176034313
1947,0.3372830108444636,0.4470888999230788,0.6345134005497759,-0.6704305437760971,-0.31899195461427665,-0.11325036208958161,0.0028656911297356147,0.04296923398766933,0.09320840869819311,0.06966855311066542,0.11049469266045928,0.1676595675296303,0.11256315801088848,0.28915957584529417,0.3909371750614719
1948,0.3425878037906809,0.4539669871884871,0.6447390401421327,-0.6714444484971485,-0.32212163967000074,-0.11562499206499094,0.003185171555927596,0.043568702430502204,0.0946540261066619,0.07671803269065541,0.11962137484575994,0.17999660853521174,0.13144696535770511,0.3030231080157606,0.40286154331563256
1949,0.34808825307934843,0.461066471461601,0.6552317578109415,-0.6809443377031101,-0.3272553403190123,-0.11937227099162434,0.003787155623388938,0.044939771939839,0.09716119801665415,0.08304846663058749,0.12734606747830204,0.189997355779469,0.14429601994502786,0.3125258496504451,0.416686151992202
1950,0.3536154455490262,0.46825238969951427,0.6655766270884516,-0.6884553237833059,-0.3301518133467586,-0.11965214804316454,0.0042089111066838936,0.04612209269581341,0.0991043782650945,0.08433777515340199,0.13011960586926824,0.19472812804255363,0.15030713491251735,0.32108960417914995,0.42522203155537636
1951,0.35929846859091263,0.475984781798951,0.6764421322104356,-0.7070122216137318,-0.3388972233144859,-0.12367201154022017,0.0050712264776427984,0.04821569496813877,0.10247053609256188,0.08216640383200566,0.12840256973001865,0.19185782149884026,0.14105202955854526,0.31993226869121183,0.4267331359087838
1952,0.3653311728519919,0.48411776054878225,0.6881393164066179,-0.7093196754935078,-0.34625561595991816,-0.125793356507251,0.0055609097746324165,0.04928998049081351,0.10400769213924854,0.0760382789695368,0.1218199152409001,0.1849739121593918,0.1483687485214046,0.3159243748304345,0.42456486020986756
1953,0.3716529743791214,0.4927166554987049,0.7006486019926266,-0.7182021630665979,-0.3542764798621911,-0.12826556558467356,0.006171662837260672,0.05076255420084913,0.10674483838177545,0.07281880236629223,0.11751595447032712,0.18213588951595527,0.14981964043637877,0.31524419220001476,0.4245858511836802
1954,0.3782241184038789,0.5015738351877228,0.713319560544121,-0.7281064218119206,-0.36233059891413905,-0.13143994492720185,0.007070432703417451,0.05277058231719228,0.11013426977793833,0.06967487741609099,0.11364824309336388,0.17835874561584886,0.14691508539448064,0.3147414870044462,0.42456163849274703
1955,0.38503648734028384,0.5106892858057894,0.725754600998973,-0.7385633763792159,-0.37016760665935045,-0.13437698245254454,0.008133191625000313,0.05474196753870553,0.1133374682706976,0.06832339584398611,0.11108759432020676,0.17655638951492927,0.14642383188310817,0.31622893128966084,0.42832021014184096
1956,0.39227150879568784,0.5202987985775764,0.7388203217998632,-0.7528494525920791,-0.3817394185227248,-0.138382743085731,0.00941730473203961,0.05706520255149239,0.11732476891212448,0.07005825126981591,0.11385459537583045,0.1795522098280243,0.1503182912400408,0.31964516747153265,0.43568170584788085
1957,0.40002439671929496,0.5305283473982157,0.7525881492749784,-0.7747053254522696,-0.39692046176807544,-0.14419577350878676,0.011300714886899432,0.0605448269489996,0.12292408010426581,0.07815302397657548,0.12228368533677067,0.19027322333272345,0.15405168623528484,0.32770169537305743,0.4457400942792751
1958,0.40853010729840245,0.541017660346202,0.7669924797718215,-0.8044796758683286,-0.4138204710067446,-0.15031306225160668,0.01322951462328359,0.0642343784633489,0.12860804630822725,0.08947601516468534,0.13591551872308816,0.2066764157654635,0.1572320603136721,0.3405744474410718,0.4652200701957613
1959,0.41734959934514376,0.5521050611508351,0.7818080972045292,-0.8104376238046254,-0.42152180139102824,-0.1531261888036894,0.013789928705463694,0.06594228767901916,0.13187189786106535,0.09531526266511678,0.14595093941998022,0.21858013316230473,0.17789006750535452,0.35486033241515047,0.4836952366063435
1960,0.42663063892576536,0.5637554255874259,0.7970536088529021,-0.8238012755484467,-0.4288971750508177,-0.1568876295587699,0.014394251273033717,0.06782039800929773,0.13531613638633025,0.09566580444743766,0.14802042966395837,0.22217583460347357,0.18604390522511904,0.3614132021184505,0.4920440077395428
1961,0.43610148312971553,0.5752331740704985,0.8127315407778954,-0.8451029878930831,-0.4420402915073968,-0.16189713008495765,0.015847188923960365,0.07015626851548673,0.13981169080700995,0.0933120198004383,0.14665051470036833,0.22121850692745496,0.18987916333714494,0.3626890357706912,0.49539149426102547
1962,0.44571691144505454,0.5865727480864342,0.8287602544562032,-0.861560791314415,-0.4547421675763844,-0.16743946259170372,0.016677722477500045,0.07289971060363168,0.1452515036492389,0.08677096771147819,0.13827143964565308,0.21291150755432597,0.18261056144268994,0.3574400460967053,0.4902815920645949
1963,0.4554029639441025,0.598923870051252,0.8450712763332047,-0.8799094449712017,-0.4657735827223875,-0.1718340516224069,0.017752082878921965,0.07583480071222454,0.14956278696655584,0.056290666845122905,0.10422500032204074,0.17420990851668341,0.15647565735582236,0.3268535481012404,0.46232622139812807
1964,0.4652551067882254,0.6118730165801932,0.8618553186087887,-0.9017265556648985,-0.4813836823438926,-0.17823505856954586,0.019811636755898282,0.08004140799065043,0.15614552388738895,-0.1002160656865755,-0.03174815266101011,0.045797119289956514,-0.017875764198908045,0.18941643230996824,0.3488704217435985
1965,0.47521283722727964,0.6249074993463196,0.8791365425243782,-0.9184382447296324,-0.4925387409625792,-0.18205752214479015,0.0211873078391753,0.0836232489038052,0.16146848818567935,-0.15290077952758568,-0.08480186104502974,-0.018291569888589987,-0.06269946348748158,0.14422561420274563,0.3080739604116897
1966,0.4854559051815849,0.6379934650847203,0.8969074606606329,-0.9383199372945971,-0.5053457581903315,-0.18714197909152563,0.023578412288539186,0.08754486622534063,0.16729983440690013,-0.13774610844708682,-0.07262712841063412,-0.010511229021896551,-0.04595593568230527,0.16339050455718948,0.3191915609879682
1967,0.4960207535429083,0.6516216388560835,0.9151807782465678,-0.956926684606497,-0.514772637320259,-0.19011865829267338,0.025058192919356348,0.09046739254021459,0.17323411873174027,-0.06925819702423378,-0.008367314808202159,0.06220496264930381,0.033825489138387316,0.2350253006068122,0.3949843569237526
1968,0.5064910210324323,0.6658715162702215,0.9337764021643272,-0.9812394038435097,-0.5260861010626998,-0.19360254781117586,0.02720292721636347,0.09431134903476145,0.17990315847249125,-0.05026390358023364,-0.0018512005696405542,0.06025234997517048,0.05245495680542828,0.2460075295212423,0.406285180625223
1969,0.5173368071090048,0.6808330685534147,0.9529766769407922,-0.9950954154853024,-0.538333273213207,-0.19814721877602448,0.029482591949419296,0.0975856279925959,0.18565160051199503,-0.03129713836898912,0.014972561364386017,0.07180997758240301,0.08150666436932996,0.26999832307913596,0.43167919924687814
1970,0.5286019978454138,0.696349017530094,0.9733248379635695,-1.0026914991661287,-0.5489672501388315,-0.20255765032603368,0.03044702128932747,0.10059314699311778,0.19062203399940025,-0.005151289224148037,0.03690539067230281,0.09420222686530347,0.11318343182079696,0.2995978921990755,0.46513496415048783
1971,0.5404351914665204,0.7124665806079395,0.9949726750325263,-1.0289096393048238,-0.5651302851603761,-0.21072227854302628,0.031048898595445823,0.10548995074503265,0.19675869120361783,0.009593340920731774,0.04913212405235412,0.10694406964961839,0.13269991487123034,0.31691716942506215,0.483967282169524
1972,0.5534729300013154,0.7281541760871908,1.017324099451147,-1.0545433115821674,-0.5776168064903582,-0.2148285433476695,0.03216548792433649,0.10960561482223412,0.20315210112355359,-0.002046261753587686,0.035221328933319584,0.08836831900663245,0.12529528577885296,0.30909835443269573,0.48340482898863885
1973,0.5670820854535957,0.7449402473459532,1.0405695798481636,-1.0802980259180404,-0.5979629591252562,-0.22125452060943374,0.03670432246495481,0.11501709342531141,0.213249706987383,0.004891873750871467,0.04169246084343675,0.09436936551770861,0.12929296093807116,0.3191265377828313,0.49910710713684625
1974,0.5800641376973512,0.7620153651525583,1.0647299825299903,-1.105041686149983,-0.6101689229860456,-0.2258969755779997,0.0369337968263006,0.11854510442548258,0.22148729897674224,0.022272152369254977,0.06034318042670003,0.11302735305995339,0.1572571237371164,0.3460655298080043,0.5285004438004336
1975,0.5932030361370391,0.7796045643434589,1.0894507807902198,-1.120925533601692,-0.6168229291335002,-0.2282584451174604,0.037441519016757796,0.12125220771818584,0.22716487610677882,0.018354818303581766,0.052827738851796424,0.10425568620800907,0.16068724186483863,0.35124337285425294,0.5352270166980735
1976,0.6064971538774411,0.7983887971978352,1.1146280577967804,-1.1308497188573061,-0.6212449258146939,-0.2291787376741633,0.03795005332824852,0.12286351024952047,0.2310608989575098,-0.020681833417612705,0.015094821996786245,0.06521076473318949,0.13907711674465856,0.32991662399339217,0.5161563733454501
1977,0.6211332814668625,0.8175655110475664,1.1401782418827313,-1.1524154507734548,-0.6342201308931537,-0.23455787479948487,0.03816976875365996,0.12639305622424246,0.23829894961681186,-0.008645990119705793,0.02593460915246315,0.07412363828678631,0.15446311616374683,0.3510479412608265,0.5357807689580043
1978,0.6360539886646976,0.8370677289609042,1.1659562379121304,-1.1713306181810998,-0.6457681907966708,-0.23833627129285995,0.03885687679408467,0.12903680778896698,0.24464238061060475,0.010999624456398738,0.04885603981161202,0.09955923203231576,0.18971158387342757,0.3865937771950815,0.5675202116961886
1979,0.651053190642997,0.8564782690146435,1.1930175382048587,-1.193512057961378,-0.6581961354047957,-0.24139235411708648,0.03896577115274252,0.13168910874313566,0.2521189425873647,0.03061363575647802,0.07063361221939168,0.12584702108633505,0.22558553889430447,0.42153915981540435,0.6043248264791494
1980,0.6661580756861456,0.8760406771382682,1.219718505433701,-1.215429892646913,-0.6696174724963004,-0.24515237283475644,0.0403440968282919,0.13499161650379882,0.2603822513823256,0.04529314647640181,0.0877508969224074,0.14532638669207293,0.25467090383279495,0.4476147793034494,0.6340292081179573
1981,0.6812814349490759,0.895699259662448,1.2460269219472357,-1.2328982562604522,-0.6765503678528885,-0.24792077068705132,0.040586825893413,0.13677195826679794,0.26356471161944006,0.049397358281914716,0.09252747839802022,0.14806730823115022,0.27267293522705904,0.4651500657052802,0.6517662152998739
1982,0.6955632779667411,0.9150002557607262,1.2730279585339512,-1.2366833555510564,-0.6776989329262715,-0.24785074588861122,0.0379321929479719,0.13687859008448078,0.2657954383845371,0.04713900083463041,0.09042777274427022,0.14693750501328318,0.2913159640342732,0.48100943113508543,0.6682714765138039
1983,0.7100883029738649,0.934060771858777,1.3001420528832508,-1.2555774977641898,-0.6892562529301655,-0.24700869218731114,0.036909787898660396,0.1396906927812449,0.2737695102517056,-0.004423280743981739,0.039635363636245036,0.09831103394285146,0.2508081058974795,0.4435244349363743,0.6315706570624834
1984,0.7251811626831498,0.953490023747869,1.3272631858911486,-1.256659049489511,-0.6853315148194588,-0.24421691354687547,0.03459103636771399,0.139228393302469,0.27531191014550105,-0.11040368241854182,-0.05125694013703985,0.012207036685537853,0.17692454673336516,0.37723049771918754,0.5698332276152284
1985,0.7407704353976189,0.9729267100382851,1.3551464805707998,-1.2710012411243172,-0.6878443152682331,-0.2452903620976341,0.03494748319294283,0.1408159496775297,0.2798045731550332,-0.10191529390235554,-0.05191833978623783,0.0023843521928346156,0.19751136513899978,0.3958934374493459,0.5921214308663703
1986,0.7567330976054083,0.9924344265060632,1.3829941374371255,-1.274478000573776,-0.6925307420554657,-0.2471825976518387,0.033655856357841296,0.1427447263396493,0.28349386098049456,-0.06841659000178923,-0.020242925134072803,0.03317450664021543,0.2423702300323194,0.44625268025619397,0.6362748988195035
1987,0.7723114995814168,1.0128900786278388,1.4124741545026944,-1.279012079031484,-0.6949897382163033,-0.24831980286859667,0.03213925074462831,0.1445825512468636,0.28788831559174205,-0.04696958556398534,-0.00268011132212842,0.04844740321216512,0.28468666155268835,0.47966023218938647,0.6673165958582761
1988,0.7882998560989626,1.0336834223030056,1.4414919307348917,-1.292879204407233,-0.7018802479929267,-0.2520509706968844,0.032391946824648854,0.14774787059835282,0.2949208886455399,-0.025522811679660973,0.01734345066612797,0.06640480791158648,0.3219157386186964,0.5118668961091504,0.6967961312423957
1989,0.8043690708521763,1.054625629528985,1.4704768266473043,-1.3108486097897611,-0.7089534233694259,-0.2543983158041556,0.0327780913860079,0.15028664889591692,0.30040167656822625,-0.0001293314230493281,0.04154988368445789,0.09349468352116624,0.36586815884494195,0.5529463888114552,0.7346545353079829
1990,0.8203594752402404,1.0765697748668395,1.4994074600016736,-1.322884038559299,-0.7134191493584914,-0.2548611552220956,0.03252134174013199,0.1522605432250081,0.3058953255637469,0.024098689303627685,0.06784525776959027,0.12308918166639093,0.4106367831386644,0.6011680121663923,0.7800365061471045
1991,0.8360472395650088,1.0979600675076562,1.5280690152434042,-1.3374581125052158,-0.7205623403571952,-0.25678789842635885,0.032582096542861816,0.15372409717811808,0.3118839168684406,0.038410196945867,0.08244906175933853,0.13821096117759923,0.4434456329668109,0.632810254771909,0.8103299720783907
1992,0.8515925774259624,1.1190824553157397,1.5565079024579849,-1.399895919745246,-0.742229488194118,-0.2623966620434651,0.03239472516036557,0.159457937454338,0.32136970020592953,-0.0567078242541697,-0.00016289196825269858,0.0595750803158559,0.345174223336862,0.5575750454376827,0.7486048287343217
1993,0.8663149575843117,1.1397525397442714,1.5848034378473703,-1.376804567392391,-0.7303713132698706,-0.25528143487996713,0.03143442510486616,0.1596363033692747,0.3240969058801649,-0.3353427575057494,-0.21108116774049163,-0.10209411532658197,0.13435735087039558,0.37655774683224824,0.5909176169031246
1994,0.8803668962946593,1.1590035916770813,1.6139740417876869,-1.371350447409353,-0.7262216692472978,-0.2537133141454053,0.03334641520088666,0.16143070567670065,0.3273203095307791,-0.3217269382837008,-0.21523463214682204,-0.12370201870941155,0.1558920807556229,0.3945877713008322,0.6007959738022319
1995,0.8939614095614087,1.1775261898592801,1.6433446612393818,-1.4262401686991912,-0.7338647924234871,-0.25930379007062987,0.03386351816087746,0.1665890160067131,0.33493197799447455,-0.2236613836116612,-0.12746050094971872,-0.05012025518154983,0.25676532335334845,0.4984359144114803,0.6958702483493057
1996,0.9071858189133514,1.1962995015988223,1.672651590686387,-1.4251983739795386,-0.7269430125308507,-0.2554423550360353,0.0357592795944639,0.16775752040739306,0.3393941685089457,-0.1364939747978643,-0.057713227083640906,0.004467207594267775,0.36598745436176616,0.5928163687874966,0.7813424445477672
1997,0.9208395129107101,1.2143973973622573,1.702038085134189,-1.4076373752677673,-0.7211413056783946,-0.252121593470622,0.03652665364798435,0.16853515295424482,0.3424859345582889,-0.07770456151086236,-0.014688086855682347,0.037930217057034255,0.44787177990882265,0.6612130700604701,0.8364420044128055
1998,0.9348868692915894,1.233760591209974,1.7319312126528845,-1.4844715507101567,-0.7428598697714708,-0.25993917293659297,0.038383016978445594,0.1760149119662815,0.3518585780778133,-0.0410490208376606,0.012634904500047228,0.06177168965034435,0.44716717527433436,0.6961444687241216,0.8774441056901161
1999,0.9490806080906355,1.2515133485324923,1.7599034373539229,-1.5043855508061206,-0.7504052143695674,-0.26145708412047397,0.03943211667647595,0.17859863964410894,0.35929194989055,-0.011237708910753264,0.036741923828720546,0.08848702798416974,0.47959953339901895,0.7331644276899867,0.9248537619384176
2000,0.9632820458228712,1.2695314017242911,1.7858517457174994,-1.486387619008572,-0.7345739888345313,-0.2538379586419628,0.03881346487040249,0.17640761314192976,0.3564037656914082,0.01192788650706511,0.05824189477229269,0.11034134897645032,0.5524428835761666,0.7875107795512519,0.9681396732376939
2001,0.9774087458442705,1.2879351614556742,1.8116997821975496,-1.4525887029643498,-0.7162521059615303,-0.250020376067993,0.039382563592270325,0.1750367369244743,0.3526334369023369,0.028940460654740763,0.0750125878794301,0.1300653590250922,0.6219972963479252,0.8350967195408138,1.009248410558714
2002,0.9913551052678061,1.3052663561098612,1.8392048252717854,-1.431020044355275,-0.709705060042258,-0.24693126402888166,0.04038326849697993,0.17454757021366485,0.35364791882840907,0.03879576988149924,0.08595442013170851,0.1417366176761814,0.6726972760259049,0.873155567255337,1.044619199941504
2003,1.0046487727702422,1.3231978548560361,1.8667538792069058,-1.4703060669903316,-0.7145515221697897,-0.25185723188394105,0.04151205481406872,0.17716011472400706,0.35589914924341814,0.047101233498983874,0.09532994360282654,0.15269917152582713,0.684989774489843,0.8961570467893195,1.0639988257138082
2004,1.018213099344966,1.3423691654192171,1.889899661942237,-1.4893999432197242,-0.7268744742475477,-0.2560563507543081,0.04232674846187279,0.1788694985531356,0.36035219135186747,0.045371251492674514,0.09262553073132995,0.15063971799196663,0.683479303935943,0.9028976878398437,1.0727736394287706
2005,1.0319197606990858,1.3599948643556936,1.9166759541159863,-1.5022128533540149,-0.7319754433437231,-0.2579103674602128,0.04501819857498168,0.18208751826452385,0.3663009162907377,0.0444901228586041,0.09077404840158132,0.1468246109403082,0.7033262537430046,0.9139801854945266,1.0840860384785918
2006,1.0456985656841264,1.3786402746135396,1.943571465508656,-1.5173192263839472,-0.7422685436226959,-0.260835707511752,0.04675132205617771,0.18584026001953002,0.3702875049055577,0.038719818683476515,0.08476610831595544,0.13972844004533835,0.7081591321767209,0.919874467305216,1.0924319082737601
2007,1.0599576950278053,1.3969265463838625,1.971143614518701,-1.5366459012619715,-0.7528097338782682,-0.26501566775828156,0.047951940595882925,0.18907818073364735,0.3738606079587628,0.034034431868007586,0.07802597033795433,0.1329749939276481,0.7118765718540838,0.9269383845256216,1.0997045254140632
2008,1.0746147739936838,1.416777685110306,1.9986477029723604,-1.5418894970889911,-0.756809647097527,-0.26555310492534656,0.04870316934852714,0.1916171956160454,0.37945719056046867,0.029302778213321057,0.0722117436930102,0.12530702891564272,0.7253143933287034,0.9421093784632212,1.1118001760349026
2009,1.0896829022537837,1.4361771065890374,2.0263595073585776,-1.5319677584800164,-0.7536231102874589,-0.2619944310140949,0.04957293262679552,0.19263460693521073,0.3805994277651321,0.02861229051665748,0.07095189537422852,0.12345881700787487,0.7581846457052617,0.9660420194577115,1.1312734102753337
2010,1.1043259037185937,1.4555610052225973,2.0545855387281313,-1.5239996563330533,-0.7437758093591973,-0.25722372056873,0.04914829853438474,0.19289943231840878,0.38180645896733095,0.02502742920911405,0.06699489571535855,0.11934242558044983,0.785026073181136,0.9918777966234767,1.1540696231044443
2011,1.118927235924679,1.4752849956259162,2.083718264732229,-1.5279193109062272,-0.7372055710179299,-0.2554707672448988,0.050690551977915055,0.1943721109295633,0.3854707342381618,0.028440134363119096,0.0714178336567679,0.12466338961414936,0.8112629212810982,1.0185762195147414,1.1804342460153139
2012,1.1340311238544285,1.4954427170269362,2.113654685142209,-1.520175913344128,-0.7308795292670487,-0.25346902767637824,0.052382717391634914,0.19566046681725846,0.38723050350513755,0.03146291578493354,0.07433789572509841,0.1289526226437414,0.8402723139406495,1.046986132266773,1.2085730150382141
2013,1.1499620032969744,1.5164215960978684,2.1443088600952445,-1.5286542702732209,-0.7367683640510208,-0.2544786867450648,0.05354310505291138,0.19825727866326548,0.3897866474340559,0.03853102764774552,0.08264111463259516,0.13901174706712083,0.8622857591289561,1.077008918539678,1.239858795241863
2014,1.1664966366695577,1.5368572891572436,2.17526671669427,-1.5161891630369666,-0.7263033965082657,-0.2498090645030775,0.05227852459817117,0.19827025738258675,0.3893312285520768,0.0471725123513832,0.09240503658688082,0.1507758374536552,0.9015797655780105,1.1158032597894407,1.2815406003044607
2015,1.1832794030370053,1.5591796794720303,2.2067957900037993,-1.5254729290850177,-0.7232379008986303,-0.24837625260122453,0.05367309631848172,0.19911052272105811,0.3914453900966195,0.05214914701938167,0.09785135718621052,0.15849748448103096,0.9293274554985989,1.1460015494789675,1.317172581081394
2016,1.2002971910197604,1.5820429093339101,2.238788557655684,-1.528789520773666,-0.7171634991704341,-0.24616153033732724,0.05523934646770745,0.20058048901669967,0.39514862923060856,0.04788466420052151,0.09307038643387355,0.1534093919749001,0.9424553819800512,1.1631881922661913,1.3466303346170665
2017,1.2172602210111274,1.604161427936635,2.268128450917618,-1.506979600561613,-0.7023863808006108,-0.2410096461421971,0.05433479940130903,0.20030048034503523,0.39474662014918427,0.044036906158728906,0.08818856054929558,0.1477415067148522,0.9746905210227641,1.1946541212719823,1.3796838632277995
2018,1.2341862744506946,1.6263262188251346,2.2968047235976137,-1.4962592442656235,-0.6899111804088149,-0.23720194448941445,0.05492477983181865,0.19983915719121303,0.3927342148631022,0.04296621536976808,0.08795650380611486,0.14740217084342655,1.0075370656222475,1.225619962062994,1.4172239303909475
2019,1.2497760252153944,1.646473984354571,2.3256306522198393,-1.4923914533110356,-0.6825328363996568,-0.23584254987340758,0.055398823814396314,0.199964791870469,0.3919506471538099,0.040097735272921264,0.08532447737128579,0.1444198270448922,1.031365740064074,1.249395614917237,1.4481342352788205
2020,1.2652878819634066,1.6674581997956959,2.354592397822399,-1.503558375904186,-0.6917060260548991,-0.23815058377858778,0.058106805421829,0.20299925373792116,0.39540929714832074,0.032482636751574034,0.07640502095864554,0.13533441589296502,1.0259773076316039,1.2591740613069549,1.4619845537871197
2021,1.2808697198968637,1.6885608533757306,2.383537776076391,-1.4743992504951393,-0.6686217812221951,-0.226933948993707,0.05362216445690016,0.19686533592137923,0.3894623741349309,0.02411768028865846,0.06620298212388498,0.12389515178052646,1.0570515362382331,1.2864494867266114,1.4962080476843194
2022,1.296804658559684,1.7103428779971028,2.415929118627104,-1.4837747790837361,-0.6636214450576849,-0.21925079565574435,0.05556736534340834,0.19687350422040106,0.3897232580261518,0.02822575241041303,0.07248126948283895,0.13230752998135475,1.0755825577598737,1.3170420477393454,1.5356967491916862
2023,1.312646085392697,1.7332752791947441,2.4489794545522616,-1.4536852474822337,-0.647361478067624,-0.2166971425363473,0.05739331572860995,0.19839020823430076,0.3905439024874491,0.025207246804760386,0.06857527622810555,0.12705008738368173,1.1196264152543818,1.3482340931839376,1.5696512111603247
